{"cameraMode":{"drawMode":0,"name":"Shaded","section":"Shading Mode"},"sceneLighting":false,"audioPlay":false,"sceneViewState":{"m_AlwaysRefresh":false,"showFog":true,"showSkybox":false,"showFlares":true,"showImageEffects":true,"showParticleSystems":true,"showVisualEffectGraphs":true,"m_FxEnabled":true},"in2DMode":false,"pivot":{"x":-12.478900909423829,"y":-1.378474473953247,"z":7.661457538604736},"rotation":{"x":0.042096950113773349,"y":-0.4896831214427948,"z":0.023657958954572679,"w":0.8705731630325317},"size":7.460059642791748,"orthographic":false}